Metrica,Referencia,Outro_Modelo,Media_sMAPE_Ref,Media_sMAPE_Outro,Estatistica_W,P_Value,Diferenca_Significativa
sMAPE - Produto,AutoARIMA,CatBoost,52.473897311130735,53.79617812838662,1214.5,0.7159740739967775,False
sMAPE - Produto,AutoARIMA,mistralai/mistral-medium-3.5-128b,52.473897311130735,55.771516163511464,1142.5,0.4375171203808288,False
sMAPE - Produto,AutoARIMA,mistralai/mistral-medium-3.5-128b,52.473897311130735,58.61926943830362,1032.5,0.15952387161893633,False
sMAPE - Produto,AutoARIMA,mistralai/mistral-medium-3.5-128b,52.473897311130735,58.76016959529835,1043.5,0.17906272380739374,False
sMAPE - Produto,AutoARIMA,LSTM,52.473897311130735,59.14982304823141,1017.5,0.13553609937576347,False
sMAPE - Produto,AutoARIMA,mistralai/mistral-medium-3.5-128b,52.473897311130735,60.38101229791366,950.5,0.06058374128358048,False
sMAPE - Produto,AutoARIMA,XGBoost,52.473897311130735,60.85275422685349,760.5,0.0030249599559416286,True
sMAPE - Produto,AutoARIMA,mistralai/mistral-medium-3.5-128b,52.473897311130735,61.752219290461554,977.5,0.08510291510410194,False
sMAPE - Produto,AutoARIMA,Prophet,52.473897311130735,62.16179239045355,912.5,0.03623727072442694,True
sMAPE - Produto,AutoARIMA,qwen/qwen3.5-397b-a17b,52.473897311130735,65.79818703940619,847.5,0.013636671144550886,True
sMAPE - Produto,AutoARIMA,TCN,52.473897311130735,66.44568417556803,820.5,0.008756947535877304,True
sMAPE - Produto,AutoARIMA,qwen/qwen3.5-397b-a17b,52.473897311130735,67.45420663100768,694.5,0.000827706815042126,True
sMAPE - Produto,AutoARIMA,qwen/qwen3.5-397b-a17b,52.473897311130735,72.34987834841331,647.5,0.00030307023289399696,True
sMAPE - Produto,AutoARIMA,qwen/qwen3.5-397b-a17b,52.473897311130735,73.66915037926898,613.5,0.0001403924071954874,True
sMAPE - Produto,AutoARIMA,AutoETS,52.473897311130735,82.65960924942276,389.5,3.5625679233073153e-07,True
sMAPE - Produto,AutoARIMA,qwen/qwen3.5-397b-a17b,52.473897311130735,89.67787372176217,550.5,3.0667051834222125e-05,True
sMAPE - Produto,AutoARIMA,Naive,52.473897311130735,111.84386440464985,333.5,6.238391736695912e-08,True
sMAPE - Produto,AutoARIMA,SeasonalNaive,52.473897311130735,118.19064072004247,212.0,1.0088419094940517e-09,True
sMAPE - País,mistralai/mistral-medium-3.5-128b,mistralai/mistral-medium-3.5-128b,24.782468681659168,25.51792192105775,1239.0,0.673844892753257,False
sMAPE - País,mistralai/mistral-medium-3.5-128b,CatBoost,24.782468681659168,25.879758016927404,1160.0,0.38747759469622833,False
sMAPE - País,mistralai/mistral-medium-3.5-128b,LSTM,24.782468681659168,26.644460471205104,1218.0,0.5900782947206802,False
sMAPE - País,mistralai/mistral-medium-3.5-128b,mistralai/mistral-medium-3.5-128b,24.782468681659168,26.817666311326622,1128.0,0.29658950622618774,False
sMAPE - País,mistralai/mistral-medium-3.5-128b,qwen/qwen3.5-397b-a17b,24.782468681659168,26.96951484864201,1261.0,0.7661460636352315,False
sMAPE - País,mistralai/mistral-medium-3.5-128b,qwen/qwen3.5-397b-a17b,24.782468681659168,28.094715815027328,1207.0,0.5482055724398658,False
sMAPE - País,mistralai/mistral-medium-3.5-128b,qwen/qwen3.5-397b-a17b,24.782468681659168,29.738246197562148,1102.0,0.23417257495220356,False
sMAPE - País,mistralai/mistral-medium-3.5-128b,XGBoost,24.782468681659168,34.3336257461437,1042.0,0.1269150993074626,False
sMAPE - País,mistralai/mistral-medium-3.5-128b,mistralai/mistral-medium-3.5-128b,24.782468681659168,34.68329046020985,579.0,3.7138814599498725e-05,True
sMAPE - País,mistralai/mistral-medium-3.5-128b,qwen/qwen3.5-397b-a17b,24.782468681659168,43.10957594770047,361.0,8.895903252610816e-08,True
sMAPE - País,mistralai/mistral-medium-3.5-128b,mistralai/mistral-medium-3.5-128b,24.782468681659168,47.668972673938995,133.0,3.416277811754176e-11,True
sMAPE - País,mistralai/mistral-medium-3.5-128b,Prophet,24.782468681659168,54.22708571935961,169.0,1.3153268204551587e-10,True
sMAPE - País,mistralai/mistral-medium-3.5-128b,AutoARIMA,24.782468681659168,56.80888939236194,67.0,2.600467050952368e-12,True
sMAPE - País,mistralai/mistral-medium-3.5-128b,qwen/qwen3.5-397b-a17b,24.782468681659168,67.04163716720274,58.0,1.8113372774301957e-12,True
sMAPE - País,mistralai/mistral-medium-3.5-128b,TCN,24.782468681659168,86.91849838387321,132.0,3.288834397016492e-11,True
sMAPE - País,mistralai/mistral-medium-3.5-128b,SeasonalNaive,24.782468681659168,89.16704367764864,78.0,4.032059644263003e-12,True
sMAPE - País,mistralai/mistral-medium-3.5-128b,AutoETS,24.782468681659168,98.69541676899722,61.0,2.043952771403733e-12,True
sMAPE - País,mistralai/mistral-medium-3.5-128b,Naive,24.782468681659168,98.74081294152725,61.0,2.043952771403733e-12,True
sMAPE - Cliente,qwen/qwen3.5-397b-a17b,mistralai/mistral-medium-3.5-128b,101.34977073803564,104.19500513144779,2332.0,0.6059294082635371,False
sMAPE - Cliente,qwen/qwen3.5-397b-a17b,qwen/qwen3.5-397b-a17b,101.34977073803564,104.76676989967324,2276.0,0.46895302659845295,False
sMAPE - Cliente,qwen/qwen3.5-397b-a17b,Naive,101.34977073803564,105.05050505050505,2241.5,0.39455395032229046,False
sMAPE - Cliente,qwen/qwen3.5-397b-a17b,qwen/qwen3.5-397b-a17b,101.34977073803564,105.05050505050505,2241.5,0.39455395032229046,False
sMAPE - Cliente,qwen/qwen3.5-397b-a17b,mistralai/mistral-medium-3.5-128b,101.34977073803564,105.05050505050505,2241.5,0.39455395032229046,False
sMAPE - Cliente,qwen/qwen3.5-397b-a17b,mistralai/mistral-medium-3.5-128b,101.34977073803564,105.05050505050505,2241.5,0.39455395032229046,False
sMAPE - Cliente,qwen/qwen3.5-397b-a17b,qwen/qwen3.5-397b-a17b,101.34977073803564,107.06590552576198,2241.0,0.39535204956295245,False
sMAPE - Cliente,qwen/qwen3.5-397b-a17b,mistralai/mistral-medium-3.5-128b,101.34977073803564,107.11507293017293,2235.5,0.3860144078513913,False
sMAPE - Cliente,qwen/qwen3.5-397b-a17b,SeasonalNaive,101.34977073803564,107.18540242241042,2142.0,0.22961765168302106,False
sMAPE - Cliente,qwen/qwen3.5-397b-a17b,mistralai/mistral-medium-3.5-128b,101.34977073803564,107.43465140677428,2341.0,0.633931272620426,False
sMAPE - Cliente,qwen/qwen3.5-397b-a17b,qwen/qwen3.5-397b-a17b,101.34977073803564,115.49803838773404,2204.0,0.33507492409947126,False
sMAPE - Cliente,qwen/qwen3.5-397b-a17b,Prophet,101.34977073803564,135.81390492321398,1669.0,0.004648328470246505,True
sMAPE - Cliente,qwen/qwen3.5-397b-a17b,AutoARIMA,101.34977073803564,147.89540886903725,1490.0,0.0005420988846999066,True
sMAPE - Cliente,qwen/qwen3.5-397b-a17b,AutoETS,101.34977073803564,148.3043197992159,1497.0,0.0005937341462882493,True
sMAPE - Cliente,qwen/qwen3.5-397b-a17b,XGBoost,101.34977073803564,168.11627432737671,1209.5,9.583611315619985e-06,True
sMAPE - Cliente,qwen/qwen3.5-397b-a17b,CatBoost,101.34977073803564,173.40305582753254,1236.5,1.4911645642165923e-05,True
sMAPE - Cliente,qwen/qwen3.5-397b-a17b,LSTM,101.34977073803564,175.5741414024201,1129.0,2.281159005466234e-06,True
sMAPE - Cliente,qwen/qwen3.5-397b-a17b,TCN,101.34977073803564,190.12517683603323,1014.0,2.887882372681343e-07,True
